[{"model": "admin.logentry", "pk": 1, "fields": {"action_time": "2021-04-07T15:36:45.671Z", "user": 1, "content_type": 10, "object_id": "1", "object_repr": "Education", "action_flag": 1, "change_message": "[{\"added\": {}}]"}}, {"model": "admin.logentry", "pk": 2, "fields": {"action_time": "2021-04-07T15:37:16.815Z", "user": 1, "content_type": 10, "object_id": "2", "object_repr": "Education", "action_flag": 1, "change_message": "[{\"added\": {}}]"}}, {"model": "admin.logentry", "pk": 3, "fields": {"action_time": "2021-04-07T15:37:20.763Z", "user": 1, "content_type": 9, "object_id": "1", "object_repr": "Reopen All NYC Schools 5 Days with Actual Teachers", "action_flag": 1, "change_message": "[{\"added\": {}}]"}}, {"model": "admin.logentry", "pk": 4, "fields": {"action_time": "2021-04-07T15:37:40.308Z", "user": 1, "content_type": 12, "object_id": "1", "object_repr": "6000", "action_flag": 1, "change_message": "[{\"added\": {}}]"}}, {"model": "admin.logentry", "pk": 5, "fields": {"action_time": "2021-04-07T15:37:47.642Z", "user": 1, "content_type": 11, "object_id": "1", "object_repr": "3", "action_flag": 1, "change_message": "[{\"added\": {}}]"}}, {"model": "admin.logentry", "pk": 6, "fields": {"action_time": "2021-04-07T15:45:52.590Z", "user": 1, "content_type": 6, "object_id": "2", "object_repr": "samar hamed", "action_flag": 1, "change_message": "[{\"added\": {}}]"}}, {"model": "admin.logentry", "pk": 7, "fields": {"action_time": "2021-04-07T15:46:05.057Z", "user": 1, "content_type": 6, "object_id": "2", "object_repr": "samar hamed", "action_flag": 2, "change_message": "[{\"changed\": {\"fields\": [\"Is admin\", \"Is staff\"]}}]"}}, {"model": "admin.logentry", "pk": 8, "fields": {"action_time": "2021-04-07T15:56:34.848Z", "user": 1, "content_type": 16, "object_id": "1", "object_repr": "campaign/55736744_1617238047574715_r.jpeg", "action_flag": 1, "change_message": "[{\"added\": {}}]"}}, {"model": "admin.logentry", "pk": 9, "fields": {"action_time": "2021-04-07T16:01:49.204Z", "user": 1, "content_type": 16, "object_id": "2", "object_repr": "campaign/171019PS11.jpg", "action_flag": 1, "change_message": "[{\"added\": {}}]"}}, {"model": "admin.logentry", "pk": 10, "fields": {"action_time": "2021-04-07T17:18:29.155Z", "user": 3, "content_type": 6, "object_id": "6", "object_repr": "samar hamed", "action_flag": 2, "change_message": "[{\"changed\": {\"fields\": [\"Is active\"]}}]"}}, {"model": "admin.logentry", "pk": 11, "fields": {"action_time": "2021-04-07T20:31:24.018Z", "user": 5, "content_type": 9, "object_id": "1", "object_repr": "Reopen All NYC Schools 5 Days with Actual Teachers", "action_flag": 2, "change_message": "[{\"changed\": {\"fields\": [\"Creator\"]}}]"}}, {"model": "admin.logentry", "pk": 12, "fields": {"action_time": "2021-04-07T20:31:46.735Z", "user": 5, "content_type": 12, "object_id": "1", "object_repr": "50", "action_flag": 2, "change_message": "[{\"changed\": {\"fields\": [\"Amount\"]}}]"}}, {"model": "admin.logentry", "pk": 13, "fields": {"action_time": "2021-04-07T20:31:59.064Z", "user": 5, "content_type": 12, "object_id": "2", "object_repr": "100000", "action_flag": 2, "change_message": "[{\"changed\": {\"fields\": [\"Amount\"]}}]"}}, {"model": "admin.logentry", "pk": 14, "fields": {"action_time": "2021-04-07T20:35:50.182Z", "user": 5, "content_type": 12, "object_id": "2", "object_repr": "5", "action_flag": 2, "change_message": "[{\"changed\": {\"fields\": [\"Amount\"]}}]"}}, {"model": "admin.logentry", "pk": 15, "fields": {"action_time": "2021-04-07T21:29:28.895Z", "user": 5, "content_type": 9, "object_id": "2", "object_repr": "deleted canpaign", "action_flag": 1, "change_message": "[{\"added\": {}}]"}}, {"model": "admin.logentry", "pk": 16, "fields": {"action_time": "2021-04-07T21:30:26.711Z", "user": 5, "content_type": 9, "object_id": "3", "object_repr": "shahth", "action_flag": 1, "change_message": "[{\"added\": {}}]"}}, {"model": "admin.logentry", "pk": 17, "fields": {"action_time": "2021-04-07T21:31:50.918Z", "user": 5, "content_type": 9, "object_id": "3", "object_repr": "shahth", "action_flag": 2, "change_message": "[{\"changed\": {\"fields\": [\"Creator\"]}}]"}}, {"model": "admin.logentry", "pk": 18, "fields": {"action_time": "2021-04-07T21:32:30.646Z", "user": 5, "content_type": 9, "object_id": "3", "object_repr": "shahth", "action_flag": 2, "change_message": "[]"}}, {"model": "admin.logentry", "pk": 19, "fields": {"action_time": "2021-04-07T21:32:59.930Z", "user": 5, "content_type": 9, "object_id": "4", "object_repr": "tshrh", "action_flag": 1, "change_message": "[{\"added\": {}}]"}}, {"model": "admin.logentry", "pk": 20, "fields": {"action_time": "2021-04-07T21:33:12.665Z", "user": 5, "content_type": 16, "object_id": "3", "object_repr": "campaign/9780739360385.jpeg", "action_flag": 1, "change_message": "[{\"added\": {}}]"}}, {"model": "admin.logentry", "pk": 21, "fields": {"action_time": "2021-04-07T21:33:26.684Z", "user": 5, "content_type": 16, "object_id": "4", "object_repr": "campaign/3.jpg", "action_flag": 1, "change_message": "[{\"added\": {}}]"}}, {"model": "admin.logentry", "pk": 22, "fields": {"action_time": "2021-04-07T21:45:55.052Z", "user": 5, "content_type": 10, "object_id": "1", "object_repr": "Education", "action_flag": 3, "change_message": ""}}, {"model": "admin.logentry", "pk": 23, "fields": {"action_time": "2021-04-07T23:56:02.146Z", "user": 5, "content_type": 9, "object_id": "5", "object_repr": "gew", "action_flag": 1, "change_message": "[{\"added\": {}}]"}}, {"model": "admin.logentry", "pk": 24, "fields": {"action_time": "2021-04-07T23:59:36.456Z", "user": 5, "content_type": 16, "object_id": "5", "object_repr": "campaign/charity.png", "action_flag": 1, "change_message": "[{\"added\": {}}]"}}, {"model": "admin.logentry", "pk": 25, "fields": {"action_time": "2021-04-08T00:09:24.125Z", "user": 5, "content_type": 9, "object_id": "6", "object_repr": "hdgbg", "action_flag": 1, "change_message": "[{\"added\": {}}]"}}, {"model": "admin.logentry", "pk": 26, "fields": {"action_time": "2021-04-08T00:09:40.973Z", "user": 5, "content_type": 9, "object_id": "6", "object_repr": "hdgbg", "action_flag": 2, "change_message": "[{\"changed\": {\"fields\": [\"Is featured\"]}}]"}}, {"model": "admin.logentry", "pk": 27, "fields": {"action_time": "2021-04-08T00:09:57.458Z", "user": 5, "content_type": 9, "object_id": "7", "object_repr": "rhhrth", "action_flag": 1, "change_message": "[{\"added\": {}}]"}}, {"model": "admin.logentry", "pk": 28, "fields": {"action_time": "2021-04-08T01:36:40.214Z", "user": 5, "content_type": 16, "object_id": "6", "object_repr": "campaign/invest.png", "action_flag": 1, "change_message": "[{\"added\": {}}]"}}, {"model": "admin.logentry", "pk": 29, "fields": {"action_time": "2021-04-08T01:38:03.755Z", "user": 5, "content_type": 16, "object_id": "7", "object_repr": "campaign/loan.png", "action_flag": 1, "change_message": "[{\"added\": {}}]"}}, {"model": "admin.logentry", "pk": 30, "fields": {"action_time": "2021-04-08T01:59:23.247Z", "user": 3, "content_type": 9, "object_id": "1", "object_repr": "Reopen All NYC Schools 5 Days with Actual Teachers", "action_flag": 2, "change_message": "[{\"changed\": {\"fields\": [\"Details\"]}}]"}}, {"model": "admin.logentry", "pk": 31, "fields": {"action_time": "2021-04-08T02:06:10.752Z", "user": 3, "content_type": 9, "object_id": "7", "object_repr": "rhhrth", "action_flag": 2, "change_message": "[{\"changed\": {\"fields\": [\"Creator\"]}}]"}}, {"model": "admin.logentry", "pk": 32, "fields": {"action_time": "2021-04-08T02:08:51.126Z", "user": 3, "content_type": 9, "object_id": "8", "object_repr": "rhth", "action_flag": 1, "change_message": "[{\"added\": {}}]"}}, {"model": "admin.logentry", "pk": 33, "fields": {"action_time": "2021-04-08T02:23:56.452Z", "user": 3, "content_type": 12, "object_id": "3", "object_repr": "5", "action_flag": 2, "change_message": "[{\"changed\": {\"fields\": [\"Amount\"]}}]"}}, {"model": "admin.logentry", "pk": 34, "fields": {"action_time": "2021-04-08T02:46:02.244Z", "user": 3, "content_type": 9, "object_id": "1", "object_repr": "Reopen All NYC Schools 5 Days with Actual Teachers", "action_flag": 2, "change_message": "[{\"changed\": {\"fields\": [\"Creator\"]}}]"}}, {"model": "admin.logentry", "pk": 35, "fields": {"action_time": "2021-04-08T18:10:13.826Z", "user": 3, "content_type": 9, "object_id": "8", "object_repr": "rhth", "action_flag": 2, "change_message": "[{\"changed\": {\"fields\": [\"Is featured\"]}}]"}}, {"model": "admin.logentry", "pk": 36, "fields": {"action_time": "2021-04-08T18:29:57.685Z", "user": 3, "content_type": 16, "object_id": "8", "object_repr": "campaign/3_Y1Nmqo5.jpg", "action_flag": 1, "change_message": "[{\"added\": {}}]"}}, {"model": "admin.logentry", "pk": 37, "fields": {"action_time": "2021-04-08T19:20:20.990Z", "user": 3, "content_type": 9, "object_id": "5", "object_repr": "gew", "action_flag": 2, "change_message": "[{\"changed\": {\"fields\": [\"Is featured\"]}}]"}}, {"model": "admin.logentry", "pk": 38, "fields": {"action_time": "2021-04-08T19:20:25.696Z", "user": 3, "content_type": 9, "object_id": "1", "object_repr": "Reopen All NYC Schools 5 Days with Actual Teachers", "action_flag": 2, "change_message": "[{\"changed\": {\"fields\": [\"Is featured\"]}}]"}}, {"model": "admin.logentry", "pk": 39, "fields": {"action_time": "2021-04-08T21:21:02.380Z", "user": 3, "content_type": 9, "object_id": "1", "object_repr": "Reopen All NYC Schools 5 Days with Actual Teachers", "action_flag": 2, "change_message": "[{\"changed\": {\"fields\": [\"Details\"]}}]"}}, {"model": "admin.logentry", "pk": 40, "fields": {"action_time": "2021-04-08T23:51:40.728Z", "user": 3, "content_type": 28, "object_id": "3", "object_repr": "UserProfile object (3)", "action_flag": 1, "change_message": "[{\"added\": {}}]"}}, {"model": "admin.logentry", "pk": 41, "fields": {"action_time": "2021-04-09T00:23:20.231Z", "user": 3, "content_type": 9, "object_id": "8", "object_repr": "rhth", "action_flag": 3, "change_message": ""}}, {"model": "admin.logentry", "pk": 42, "fields": {"action_time": "2021-04-09T00:23:20.286Z", "user": 3, "content_type": 9, "object_id": "6", "object_repr": "hdgbg", "action_flag": 3, "change_message": ""}}, {"model": "admin.logentry", "pk": 43, "fields": {"action_time": "2021-04-09T00:23:20.320Z", "user": 3, "content_type": 9, "object_id": "5", "object_repr": "gew", "action_flag": 3, "change_message": ""}}, {"model": "admin.logentry", "pk": 44, "fields": {"action_time": "2021-04-09T00:23:20.375Z", "user": 3, "content_type": 9, "object_id": "1", "object_repr": "Reopen All NYC Schools 5 Days with Actual Teachers", "action_flag": 3, "change_message": ""}}, {"model": "admin.logentry", "pk": 45, "fields": {"action_time": "2021-04-09T00:23:47.124Z", "user": 3, "content_type": 10, "object_id": "3", "object_repr": "Medical", "action_flag": 1, "change_message": "[{\"added\": {}}]"}}, {"model": "admin.logentry", "pk": 46, "fields": {"action_time": "2021-04-09T00:24:01.583Z", "user": 3, "content_type": 10, "object_id": "4", "object_repr": "Animals", "action_flag": 1, "change_message": "[{\"added\": {}}]"}}, {"model": "admin.logentry", "pk": 47, "fields": {"action_time": "2021-04-09T00:24:13.678Z", "user": 3, "content_type": 10, "object_id": "5", "object_repr": "Financial Emergency", "action_flag": 1, "change_message": "[{\"added\": {}}]"}}, {"model": "admin.logentry", "pk": 48, "fields": {"action_time": "2021-04-09T00:24:39.910Z", "user": 3, "content_type": 10, "object_id": "6", "object_repr": "Non profit", "action_flag": 1, "change_message": "[{\"added\": {}}]"}}, {"model": "admin.logentry", "pk": 49, "fields": {"action_time": "2021-04-09T00:24:49.162Z", "user": 3, "content_type": 10, "object_id": "6", "object_repr": "Nonprofit", "action_flag": 2, "change_message": "[{\"changed\": {\"fields\": [\"Label\"]}}]"}}, {"model": "admin.logentry", "pk": 50, "fields": {"action_time": "2021-04-09T00:24:59.471Z", "user": 3, "content_type": 10, "object_id": "7", "object_repr": "Emergency", "action_flag": 1, "change_message": "[{\"added\": {}}]"}}, {"model": "admin.logentry", "pk": 51, "fields": {"action_time": "2021-04-09T00:25:10.896Z", "user": 3, "content_type": 10, "object_id": "8", "object_repr": "Memorial", "action_flag": 1, "change_message": "[{\"added\": {}}]"}}, {"model": "admin.logentry", "pk": 52, "fields": {"action_time": "2021-04-09T00:25:37.055Z", "user": 3, "content_type": 10, "object_id": "9", "object_repr": "Environment", "action_flag": 1, "change_message": "[{\"added\": {}}]"}}, {"model": "admin.logentry", "pk": 53, "fields": {"action_time": "2021-04-09T00:26:45.528Z", "user": 3, "content_type": 6, "object_id": "5", "object_repr": "Audrey Farfan", "action_flag": 2, "change_message": "[{\"changed\": {\"fields\": [\"First name\", \"Last name\", \"Phone\"]}}]"}}, {"model": "admin.logentry", "pk": 54, "fields": {"action_time": "2021-04-09T00:27:20.902Z", "user": 3, "content_type": 6, "object_id": "3", "object_repr": "Vandana Sawhney", "action_flag": 2, "change_message": "[{\"changed\": {\"fields\": [\"First name\", \"Last name\"]}}]"}}, {"model": "admin.logentry", "pk": 55, "fields": {"action_time": "2021-04-09T00:27:49.714Z", "user": 3, "content_type": 6, "object_id": "2", "object_repr": "Catherine Pedersen", "action_flag": 2, "change_message": "[{\"changed\": {\"fields\": [\"First name\", \"Last name\"]}}]"}}, {"model": "admin.logentry", "pk": 56, "fields": {"action_time": "2021-04-09T00:33:59.099Z", "user": 3, "content_type": 9, "object_id": "9", "object_repr": "Hope for Clara Faye; Zolgensma for SMA", "action_flag": 1, "change_message": "[{\"added\": {}}]"}}, {"model": "admin.logentry", "pk": 57, "fields": {"action_time": "2021-04-09T00:34:22.842Z", "user": 3, "content_type": 16, "object_id": "9", "object_repr": "campaign/55863210_1617744547715029_r.jpeg", "action_flag": 1, "change_message": "[{\"added\": {}}]"}}, {"model": "admin.logentry", "pk": 58, "fields": {"action_time": "2021-04-09T00:36:17.949Z", "user": 3, "content_type": 9, "object_id": "10", "object_repr": "A ray of hope for Trisha (Curing AGU)", "action_flag": 1, "change_message": "[{\"added\": {}}]"}}, {"model": "admin.logentry", "pk": 59, "fields": {"action_time": "2021-04-09T00:37:03.206Z", "user": 3, "content_type": 16, "object_id": "10", "object_repr": "campaign/55166776_1616975082218480_r.jpeg", "action_flag": 1, "change_message": "[{\"added\": {}}]"}}, {"model": "admin.logentry", "pk": 60, "fields": {"action_time": "2021-04-09T00:38:05.158Z", "user": 3, "content_type": 9, "object_id": "11", "object_repr": "Help Eva Houlihan fight for her life.", "action_flag": 1, "change_message": "[{\"added\": {}}]"}}, {"model": "admin.logentry", "pk": 61, "fields": {"action_time": "2021-04-09T00:38:42.989Z", "user": 3, "content_type": 16, "object_id": "11", "object_repr": "campaign/55874832_161777833493857_r.jpg", "action_flag": 1, "change_message": "[{\"added\": {}}]"}}, {"model": "admin.logentry", "pk": 62, "fields": {"action_time": "2021-04-09T00:42:57.561Z", "user": 3, "content_type": 9, "object_id": "12", "object_repr": "Get Mandy Back on Her Feet (GBS Recovery)", "action_flag": 1, "change_message": "[{\"added\": {}}]"}}, {"model": "admin.logentry", "pk": 63, "fields": {"action_time": "2021-04-09T00:43:14.208Z", "user": 3, "content_type": 11, "object_id": "5", "object_repr": "5", "action_flag": 1, "change_message": "[{\"added\": {}}]"}}, {"model": "admin.logentry", "pk": 64, "fields": {"action_time": "2021-04-09T00:43:27.013Z", "user": 3, "content_type": 16, "object_id": "12", "object_repr": "campaign/55837632_1617673475895531_r.jpeg", "action_flag": 1, "change_message": "[{\"added\": {}}]"}}, {"model": "admin.logentry", "pk": 65, "fields": {"action_time": "2021-04-09T00:45:12.790Z", "user": 3, "content_type": 9, "object_id": "13", "object_repr": "Help Vadim Zalucean to be repatriated", "action_flag": 1, "change_message": "[{\"added\": {}}]"}}, {"model": "admin.logentry", "pk": 66, "fields": {"action_time": "2021-04-09T00:46:24.260Z", "user": 3, "content_type": 16, "object_id": "13", "object_repr": "campaign/55852000_1617713327597814_r.jpeg", "action_flag": 1, "change_message": "[{\"added\": {}}]"}}, {"model": "admin.logentry", "pk": 67, "fields": {"action_time": "2021-04-09T00:51:58.027Z", "user": 3, "content_type": 9, "object_id": "14", "object_repr": "Risner Clan Will Find A Way", "action_flag": 1, "change_message": "[{\"added\": {}}]"}}, {"model": "admin.logentry", "pk": 68, "fields": {"action_time": "2021-04-09T00:52:11.198Z", "user": 3, "content_type": 16, "object_id": "14", "object_repr": "campaign/55855006_1617722581739352_r.jpeg", "action_flag": 1, "change_message": "[{\"added\": {}}]"}}, {"model": "admin.logentry", "pk": 69, "fields": {"action_time": "2021-04-09T00:52:42.913Z", "user": 3, "content_type": 9, "object_id": "14", "object_repr": "Risner Clan Will Find A Way", "action_flag": 2, "change_message": "[{\"changed\": {\"fields\": [\"Is featured\"]}}]"}}, {"model": "contenttypes.contenttype", "pk": 1, "fields": {"app_label": "admin", "model": "logentry"}}, {"model": "contenttypes.contenttype", "pk": 2, "fields": {"app_label": "contenttypes", "model": "contenttype"}}, {"model": "contenttypes.contenttype", "pk": 3, "fields": {"app_label": "auth", "model": "permission"}}, {"model": "contenttypes.contenttype", "pk": 4, "fields": {"app_label": "auth", "model": "group"}}, {"model": "contenttypes.contenttype", "pk": 5, "fields": {"app_label": "sessions", "model": "session"}}, {"model": "contenttypes.contenttype", "pk": 6, "fields": {"app_label": "user", "model": "user"}}, {"model": "contenttypes.contenttype", "pk": 7, "fields": {"app_label": "taggit", "model": "tag"}}, {"model": "contenttypes.contenttype", "pk": 8, "fields": {"app_label": "taggit", "model": "taggeditem"}}, {"model": "contenttypes.contenttype", "pk": 9, "fields": {"app_label": "campaign", "model": "campaign"}}, {"model": "contenttypes.contenttype", "pk": 10, "fields": {"app_label": "campaign", "model": "category"}}, {"model": "contenttypes.contenttype", "pk": 11, "fields": {"app_label": "campaign", "model": "rating"}}, {"model": "contenttypes.contenttype", "pk": 12, "fields": {"app_label": "campaign", "model": "donation"}}, {"model": "contenttypes.contenttype", "pk": 13, "fields": {"app_label": "campaign", "model": "commentreport"}}, {"model": "contenttypes.contenttype", "pk": 14, "fields": {"app_label": "campaign", "model": "comment"}}, {"model": "contenttypes.contenttype", "pk": 15, "fields": {"app_label": "campaign", "model": "campaignreport"}}, {"model": "contenttypes.contenttype", "pk": 16, "fields": {"app_label": "campaign", "model": "campaignimage"}}, {"model": "contenttypes.contenttype", "pk": 17, "fields": {"app_label": "social_django", "model": "association"}}, {"model": "contenttypes.contenttype", "pk": 18, "fields": {"app_label": "social_django", "model": "code"}}, {"model": "contenttypes.contenttype", "pk": 19, "fields": {"app_label": "social_django", "model": "nonce"}}, {"model": "contenttypes.contenttype", "pk": 20, "fields": {"app_label": "social_django", "model": "usersocialauth"}}, {"model": "contenttypes.contenttype", "pk": 21, "fields": {"app_label": "social_django", "model": "partial"}}, {"model": "contenttypes.contenttype", "pk": 22, "fields": {"app_label": "comment", "model": "comment"}}, {"model": "contenttypes.contenttype", "pk": 23, "fields": {"app_label": "comment", "model": "reaction"}}, {"model": "contenttypes.contenttype", "pk": 24, "fields": {"app_label": "comment", "model": "reactioninstance"}}, {"model": "contenttypes.contenttype", "pk": 25, "fields": {"app_label": "comment", "model": "flag"}}, {"model": "contenttypes.contenttype", "pk": 26, "fields": {"app_label": "comment", "model": "flaginstance"}}, {"model": "contenttypes.contenttype", "pk": 27, "fields": {"app_label": "comment", "model": "follower"}}, {"model": "contenttypes.contenttype", "pk": 28, "fields": {"app_label": "user", "model": "userprofile"}}, {"model": "auth.permission", "pk": 1, "fields": {"name": "Can add log entry", "content_type": 1, "codename": "add_logentry"}}, {"model": "auth.permission", "pk": 2, "fields": {"name": "Can change log entry", "content_type": 1, "codename": "change_logentry"}}, {"model": "auth.permission", "pk": 3, "fields": {"name": "Can delete log entry", "content_type": 1, "codename": "delete_logentry"}}, {"model": "auth.permission", "pk": 4, "fields": {"name": "Can view log entry", "content_type": 1, "codename": "view_logentry"}}, {"model": "auth.permission", "pk": 5, "fields": {"name": "Can add content type", "content_type": 2, "codename": "add_contenttype"}}, {"model": "auth.permission", "pk": 6, "fields": {"name": "Can change content type", "content_type": 2, "codename": "change_contenttype"}}, {"model": "auth.permission", "pk": 7, "fields": {"name": "Can delete content type", "content_type": 2, "codename": "delete_contenttype"}}, {"model": "auth.permission", "pk": 8, "fields": {"name": "Can view content type", "content_type": 2, "codename": "view_contenttype"}}, {"model": "auth.permission", "pk": 9, "fields": {"name": "Can add permission", "content_type": 3, "codename": "add_permission"}}, {"model": "auth.permission", "pk": 10, "fields": {"name": "Can change permission", "content_type": 3, "codename": "change_permission"}}, {"model": "auth.permission", "pk": 11, "fields": {"name": "Can delete permission", "content_type": 3, "codename": "delete_permission"}}, {"model": "auth.permission", "pk": 12, "fields": {"name": "Can view permission", "content_type": 3, "codename": "view_permission"}}, {"model": "auth.permission", "pk": 13, "fields": {"name": "Can add group", "content_type": 4, "codename": "add_group"}}, {"model": "auth.permission", "pk": 14, "fields": {"name": "Can change group", "content_type": 4, "codename": "change_group"}}, {"model": "auth.permission", "pk": 15, "fields": {"name": "Can delete group", "content_type": 4, "codename": "delete_group"}}, {"model": "auth.permission", "pk": 16, "fields": {"name": "Can view group", "content_type": 4, "codename": "view_group"}}, {"model": "auth.permission", "pk": 17, "fields": {"name": "Can add session", "content_type": 5, "codename": "add_session"}}, {"model": "auth.permission", "pk": 18, "fields": {"name": "Can change session", "content_type": 5, "codename": "change_session"}}, {"model": "auth.permission", "pk": 19, "fields": {"name": "Can delete session", "content_type": 5, "codename": "delete_session"}}, {"model": "auth.permission", "pk": 20, "fields": {"name": "Can view session", "content_type": 5, "codename": "view_session"}}, {"model": "auth.permission", "pk": 21, "fields": {"name": "Can add user", "content_type": 6, "codename": "add_user"}}, {"model": "auth.permission", "pk": 22, "fields": {"name": "Can change user", "content_type": 6, "codename": "change_user"}}, {"model": "auth.permission", "pk": 23, "fields": {"name": "Can delete user", "content_type": 6, "codename": "delete_user"}}, {"model": "auth.permission", "pk": 24, "fields": {"name": "Can view user", "content_type": 6, "codename": "view_user"}}, {"model": "auth.permission", "pk": 25, "fields": {"name": "Can add tag", "content_type": 7, "codename": "add_tag"}}, {"model": "auth.permission", "pk": 26, "fields": {"name": "Can change tag", "content_type": 7, "codename": "change_tag"}}, {"model": "auth.permission", "pk": 27, "fields": {"name": "Can delete tag", "content_type": 7, "codename": "delete_tag"}}, {"model": "auth.permission", "pk": 28, "fields": {"name": "Can view tag", "content_type": 7, "codename": "view_tag"}}, {"model": "auth.permission", "pk": 29, "fields": {"name": "Can add tagged item", "content_type": 8, "codename": "add_taggeditem"}}, {"model": "auth.permission", "pk": 30, "fields": {"name": "Can change tagged item", "content_type": 8, "codename": "change_taggeditem"}}, {"model": "auth.permission", "pk": 31, "fields": {"name": "Can delete tagged item", "content_type": 8, "codename": "delete_taggeditem"}}, {"model": "auth.permission", "pk": 32, "fields": {"name": "Can view tagged item", "content_type": 8, "codename": "view_taggeditem"}}, {"model": "auth.permission", "pk": 33, "fields": {"name": "Can add campaign", "content_type": 9, "codename": "add_campaign"}}, {"model": "auth.permission", "pk": 34, "fields": {"name": "Can change campaign", "content_type": 9, "codename": "change_campaign"}}, {"model": "auth.permission", "pk": 35, "fields": {"name": "Can delete campaign", "content_type": 9, "codename": "delete_campaign"}}, {"model": "auth.permission", "pk": 36, "fields": {"name": "Can view campaign", "content_type": 9, "codename": "view_campaign"}}, {"model": "auth.permission", "pk": 37, "fields": {"name": "Can add category", "content_type": 10, "codename": "add_category"}}, {"model": "auth.permission", "pk": 38, "fields": {"name": "Can change category", "content_type": 10, "codename": "change_category"}}, {"model": "auth.permission", "pk": 39, "fields": {"name": "Can delete category", "content_type": 10, "codename": "delete_category"}}, {"model": "auth.permission", "pk": 40, "fields": {"name": "Can view category", "content_type": 10, "codename": "view_category"}}, {"model": "auth.permission", "pk": 41, "fields": {"name": "Can add rating", "content_type": 11, "codename": "add_rating"}}, {"model": "auth.permission", "pk": 42, "fields": {"name": "Can change rating", "content_type": 11, "codename": "change_rating"}}, {"model": "auth.permission", "pk": 43, "fields": {"name": "Can delete rating", "content_type": 11, "codename": "delete_rating"}}, {"model": "auth.permission", "pk": 44, "fields": {"name": "Can view rating", "content_type": 11, "codename": "view_rating"}}, {"model": "auth.permission", "pk": 45, "fields": {"name": "Can add donation", "content_type": 12, "codename": "add_donation"}}, {"model": "auth.permission", "pk": 46, "fields": {"name": "Can change donation", "content_type": 12, "codename": "change_donation"}}, {"model": "auth.permission", "pk": 47, "fields": {"name": "Can delete donation", "content_type": 12, "codename": "delete_donation"}}, {"model": "auth.permission", "pk": 48, "fields": {"name": "Can view donation", "content_type": 12, "codename": "view_donation"}}, {"model": "auth.permission", "pk": 49, "fields": {"name": "Can add comment report", "content_type": 13, "codename": "add_commentreport"}}, {"model": "auth.permission", "pk": 50, "fields": {"name": "Can change comment report", "content_type": 13, "codename": "change_commentreport"}}, {"model": "auth.permission", "pk": 51, "fields": {"name": "Can delete comment report", "content_type": 13, "codename": "delete_commentreport"}}, {"model": "auth.permission", "pk": 52, "fields": {"name": "Can view comment report", "content_type": 13, "codename": "view_commentreport"}}, {"model": "auth.permission", "pk": 53, "fields": {"name": "Can add comment", "content_type": 14, "codename": "add_comment"}}, {"model": "auth.permission", "pk": 54, "fields": {"name": "Can change comment", "content_type": 14, "codename": "change_comment"}}, {"model": "auth.permission", "pk": 55, "fields": {"name": "Can delete comment", "content_type": 14, "codename": "delete_comment"}}, {"model": "auth.permission", "pk": 56, "fields": {"name": "Can view comment", "content_type": 14, "codename": "view_comment"}}, {"model": "auth.permission", "pk": 57, "fields": {"name": "Can add campaign report", "content_type": 15, "codename": "add_campaignreport"}}, {"model": "auth.permission", "pk": 58, "fields": {"name": "Can change campaign report", "content_type": 15, "codename": "change_campaignreport"}}, {"model": "auth.permission", "pk": 59, "fields": {"name": "Can delete campaign report", "content_type": 15, "codename": "delete_campaignreport"}}, {"model": "auth.permission", "pk": 60, "fields": {"name": "Can view campaign report", "content_type": 15, "codename": "view_campaignreport"}}, {"model": "auth.permission", "pk": 61, "fields": {"name": "Can add campaign image", "content_type": 16, "codename": "add_campaignimage"}}, {"model": "auth.permission", "pk": 62, "fields": {"name": "Can change campaign image", "content_type": 16, "codename": "change_campaignimage"}}, {"model": "auth.permission", "pk": 63, "fields": {"name": "Can delete campaign image", "content_type": 16, "codename": "delete_campaignimage"}}, {"model": "auth.permission", "pk": 64, "fields": {"name": "Can view campaign image", "content_type": 16, "codename": "view_campaignimage"}}, {"model": "auth.permission", "pk": 65, "fields": {"name": "Can add association", "content_type": 17, "codename": "add_association"}}, {"model": "auth.permission", "pk": 66, "fields": {"name": "Can change association", "content_type": 17, "codename": "change_association"}}, {"model": "auth.permission", "pk": 67, "fields": {"name": "Can delete association", "content_type": 17, "codename": "delete_association"}}, {"model": "auth.permission", "pk": 68, "fields": {"name": "Can view association", "content_type": 17, "codename": "view_association"}}, {"model": "auth.permission", "pk": 69, "fields": {"name": "Can add code", "content_type": 18, "codename": "add_code"}}, {"model": "auth.permission", "pk": 70, "fields": {"name": "Can change code", "content_type": 18, "codename": "change_code"}}, {"model": "auth.permission", "pk": 71, "fields": {"name": "Can delete code", "content_type": 18, "codename": "delete_code"}}, {"model": "auth.permission", "pk": 72, "fields": {"name": "Can view code", "content_type": 18, "codename": "view_code"}}, {"model": "auth.permission", "pk": 73, "fields": {"name": "Can add nonce", "content_type": 19, "codename": "add_nonce"}}, {"model": "auth.permission", "pk": 74, "fields": {"name": "Can change nonce", "content_type": 19, "codename": "change_nonce"}}, {"model": "auth.permission", "pk": 75, "fields": {"name": "Can delete nonce", "content_type": 19, "codename": "delete_nonce"}}, {"model": "auth.permission", "pk": 76, "fields": {"name": "Can view nonce", "content_type": 19, "codename": "view_nonce"}}, {"model": "auth.permission", "pk": 77, "fields": {"name": "Can add user social auth", "content_type": 20, "codename": "add_usersocialauth"}}, {"model": "auth.permission", "pk": 78, "fields": {"name": "Can change user social auth", "content_type": 20, "codename": "change_usersocialauth"}}, {"model": "auth.permission", "pk": 79, "fields": {"name": "Can delete user social auth", "content_type": 20, "codename": "delete_usersocialauth"}}, {"model": "auth.permission", "pk": 80, "fields": {"name": "Can view user social auth", "content_type": 20, "codename": "view_usersocialauth"}}, {"model": "auth.permission", "pk": 81, "fields": {"name": "Can add partial", "content_type": 21, "codename": "add_partial"}}, {"model": "auth.permission", "pk": 82, "fields": {"name": "Can change partial", "content_type": 21, "codename": "change_partial"}}, {"model": "auth.permission", "pk": 83, "fields": {"name": "Can delete partial", "content_type": 21, "codename": "delete_partial"}}, {"model": "auth.permission", "pk": 84, "fields": {"name": "Can view partial", "content_type": 21, "codename": "view_partial"}}, {"model": "auth.permission", "pk": 85, "fields": {"name": "Can add comment", "content_type": 22, "codename": "add_comment"}}, {"model": "auth.permission", "pk": 86, "fields": {"name": "Can change comment", "content_type": 22, "codename": "change_comment"}}, {"model": "auth.permission", "pk": 87, "fields": {"name": "Can delete comment", "content_type": 22, "codename": "delete_comment"}}, {"model": "auth.permission", "pk": 88, "fields": {"name": "Can view comment", "content_type": 22, "codename": "view_comment"}}, {"model": "auth.permission", "pk": 89, "fields": {"name": "Can add reaction", "content_type": 23, "codename": "add_reaction"}}, {"model": "auth.permission", "pk": 90, "fields": {"name": "Can change reaction", "content_type": 23, "codename": "change_reaction"}}, {"model": "auth.permission", "pk": 91, "fields": {"name": "Can delete reaction", "content_type": 23, "codename": "delete_reaction"}}, {"model": "auth.permission", "pk": 92, "fields": {"name": "Can view reaction", "content_type": 23, "codename": "view_reaction"}}, {"model": "auth.permission", "pk": 93, "fields": {"name": "Can add reaction instance", "content_type": 24, "codename": "add_reactioninstance"}}, {"model": "auth.permission", "pk": 94, "fields": {"name": "Can change reaction instance", "content_type": 24, "codename": "change_reactioninstance"}}, {"model": "auth.permission", "pk": 95, "fields": {"name": "Can delete reaction instance", "content_type": 24, "codename": "delete_reactioninstance"}}, {"model": "auth.permission", "pk": 96, "fields": {"name": "Can view reaction instance", "content_type": 24, "codename": "view_reactioninstance"}}, {"model": "auth.permission", "pk": 97, "fields": {"name": "Can add flag", "content_type": 25, "codename": "add_flag"}}, {"model": "auth.permission", "pk": 98, "fields": {"name": "Can change flag", "content_type": 25, "codename": "change_flag"}}, {"model": "auth.permission", "pk": 99, "fields": {"name": "Can delete flag", "content_type": 25, "codename": "delete_flag"}}, {"model": "auth.permission", "pk": 100, "fields": {"name": "Can view flag", "content_type": 25, "codename": "view_flag"}}, {"model": "auth.permission", "pk": 101, "fields": {"name": "Can add flag instance", "content_type": 26, "codename": "add_flaginstance"}}, {"model": "auth.permission", "pk": 102, "fields": {"name": "Can change flag instance", "content_type": 26, "codename": "change_flaginstance"}}, {"model": "auth.permission", "pk": 103, "fields": {"name": "Can delete flag instance", "content_type": 26, "codename": "delete_flaginstance"}}, {"model": "auth.permission", "pk": 104, "fields": {"name": "Can view flag instance", "content_type": 26, "codename": "view_flaginstance"}}, {"model": "auth.permission", "pk": 105, "fields": {"name": "Can add follower", "content_type": 27, "codename": "add_follower"}}, {"model": "auth.permission", "pk": 106, "fields": {"name": "Can change follower", "content_type": 27, "codename": "change_follower"}}, {"model": "auth.permission", "pk": 107, "fields": {"name": "Can delete follower", "content_type": 27, "codename": "delete_follower"}}, {"model": "auth.permission", "pk": 108, "fields": {"name": "Can view follower", "content_type": 27, "codename": "view_follower"}}, {"model": "auth.permission", "pk": 109, "fields": {"name": "Can add user profile", "content_type": 28, "codename": "add_userprofile"}}, {"model": "auth.permission", "pk": 110, "fields": {"name": "Can change user profile", "content_type": 28, "codename": "change_userprofile"}}, {"model": "auth.permission", "pk": 111, "fields": {"name": "Can delete user profile", "content_type": 28, "codename": "delete_userprofile"}}, {"model": "auth.permission", "pk": 112, "fields": {"name": "Can view user profile", "content_type": 28, "codename": "view_userprofile"}}, {"model": "auth.permission", "pk": 113, "fields": {"name": "Can delete flagged comment", "content_type": 22, "codename": "delete_flagged_comment"}}, {"model": "auth.group", "pk": 1, "fields": {"name": "comment_admin", "permissions": [87, 113]}}, {"model": "auth.group", "pk": 2, "fields": {"name": "comment_moderator", "permissions": [113]}}, {"model": "sessions.session", "pk": "1kpu95kyazq4nec2knvui8rkj6jgbbzj", "fields": {"session_data": ".eJxVTD0PgjAQ_S-dTYO9sy1usjs6k_buEJTQhEIcjP_dkjDoG15e3tdbtWFd-nbNMrcDq7Oy6vDrxUBPmbaAH2G6J01pWuYh6q2i9zTryzimV6Fb2eRrYhmbffj31ofclysf0ZPlAkBHlRyxxiBYFyVEAYFMBRUbhzU4H7suMhsjAPZEFkjU5wtsrz2J:1lUgBa:2ih3vd3RJamRmr7q380JjglMD1UrPdbpG_BfYU-QsC0", "expire_date": "2021-04-23T01:43:50.631Z"}}, {"model": "sessions.session", "pk": "2rgjjhyqowxtse91uosu2ou1f8kggo9d", "fields": {"session_data": "e30:1lUBwo:YcpUTWCuGoj9aHsZsB0dA-fD9pDjjp_Ho-MauSXAj_Q", "expire_date": "2021-04-21T17:26:34.105Z"}}, {"model": "sessions.session", "pk": "3i35vbl4wjiqlk9owarbuhdib6kmvx6e", "fields": {"session_data": "e30:1lUAvJ:IW6yamq7ghtAIjved9tot_w0NSBEn6D_ppKvpwQys9c", "expire_date": "2021-04-21T16:20:57.641Z"}}, {"model": "sessions.session", "pk": "jwfrmhgjg1a0nckbhyxzmwa4oif2z6po", "fields": {"session_data": ".eJxVjD0PwiAYhP8LsyFI5UM33R2dmwNepNpAUto4GP-7Jemgyw333HNv1mOZU79UmvohsBNTbPfbOfgn5QbCA_leuC95ngbH24RvtPLzOJbXGrfVqdcSaLxs4t9bQk3tSvljiEYSDBlLoovKGelgtdK2O8Dv0YUIqYEoAoSGFWvnozUuKkns8wWAWz5G:1lUBRH:Pp4bnkJcp48POdoOS8qVuT_5a1x6FEr1QoJQ4vH0PvQ", "expire_date": "2021-04-21T16:53:59.527Z"}}, {"model": "sessions.session", "pk": "mbklp4rdfnevadlwf9m6sersyw26gltc", "fields": {"session_data": "e30:1lULFl:x-kz8vIZBLo7B85bxPZAtVQRiknpq6bPq0s6N5nDAtk", "expire_date": "2021-04-22T03:22:45.229Z"}}, {"model": "sessions.session", "pk": "ocii91y5e0jl3vap23132uwwryzf0r9h", "fields": {"session_data": "e30:1lUBpE:UAqNcAxSZJZbi5auXcKfIPFCqTxh3HgpM2WpsyTo1ds", "expire_date": "2021-04-21T17:18:44.860Z"}}, {"model": "user.user", "pk": 1, "fields": {"password": "pbkdf2_sha256$216000$bH9U63AdycaZ$CrKYhNIEg23o5nOb4veiAd4UtYvkkfgj3cfVCBSHOd0=", "is_superuser": false, "email": "aya@gmail.com", "is_admin": true, "is_staff": true, "is_active": true, "last_login": "2021-04-07T15:50:36.804Z", "date_joined": "2021-04-07T15:36:12.863Z", "first_name": "aya", "last_name": "hamed", "phone": "01145586666", "avatar": "profile_images/15531840725c93b5489d84e9.43781620_Cs2iEGH.jpg", "country": "", "birthdate": null, "fb_account": "", "groups": [], "user_permissions": []}}, {"model": "user.user", "pk": 2, "fields": {"password": "123456789", "is_superuser": true, "email": "s@gmail.com", "is_admin": true, "is_staff": true, "is_active": true, "last_login": null, "date_joined": "2021-04-07T15:45:52.515Z", "first_name": "Catherine", "last_name": "Pedersen", "phone": "01145586666", "avatar": "profile_images/default-pic.jpeg", "country": "", "birthdate": null, "fb_account": "", "groups": [], "user_permissions": []}}, {"model": "user.user", "pk": 3, "fields": {"password": "pbkdf2_sha256$216000$fpDNXmRuObmm$lyDhswxMN83zgy6ena1QzTdifNV+b/8erJoS9zlA9hE=", "is_superuser": false, "email": "o@gmail.com", "is_admin": true, "is_staff": true, "is_active": true, "last_login": "2021-04-08T23:52:06Z", "date_joined": "2021-04-07T15:46:56.407Z", "first_name": "Vando", "last_name": "Sawhney", "phone": "01145586666", "avatar": "profile_images/15531840725c93b5489d84e9.43781620_pehupF3.jpg", "country": "", "birthdate": null, "fb_account": "", "groups": [], "user_permissions": []}}, {"model": "user.user", "pk": 4, "fields": {"password": "pbkdf2_sha256$216000$98jrFu701X34$A3fjqKviH5wj4WS9zJfJH6WjDO4lUBYBa/mqlnOTW6Y=", "is_superuser": false, "email": "h@gmail.com", "is_admin": false, "is_staff": false, "is_active": false, "last_login": null, "date_joined": "2021-04-07T16:52:13.952Z", "first_name": "Hossam", "last_name": "atef", "phone": "01145586666", "avatar": "profile_images/default-pic.jpeg", "country": "", "birthdate": null, "fb_account": "", "groups": [], "user_permissions": []}}, {"model": "user.user", "pk": 5, "fields": {"password": "pbkdf2_sha256$216000$IqRhczjttx4L$ylzijzFYLJTBx+6uirixhqObQUnXaHK1BCeTzfyNRgY=", "is_superuser": false, "email": "d@gmail.com", "is_admin": true, "is_staff": true, "is_active": true, "last_login": "2021-04-07T16:53:59Z", "date_joined": "2021-04-07T16:53:41.654Z", "first_name": "Audrey", "last_name": "Farfan", "phone": "01145586666", "avatar": "profile_images/default-pic.jpeg", "country": "", "birthdate": null, "fb_account": "", "groups": [], "user_permissions": []}}, {"model": "user.user", "pk": 6, "fields": {"password": "pbkdf2_sha256$216000$SNncalzc5xUt$ZmcuoJrYaM9ynaHX8qp9rTfLm68QQpBvyUL85zqacOM=", "is_superuser": false, "email": "tt@gmail.com", "is_admin": false, "is_staff": false, "is_active": true, "last_login": "2021-04-09T01:43:50.452Z", "date_joined": "2021-04-07T17:17:33.337Z", "first_name": "samar", "last_name": "hamed", "phone": "01145586666", "avatar": "profile_images/logo.png", "country": "", "birthdate": null, "fb_account": "", "groups": [], "user_permissions": []}}, {"model": "user.userprofile", "pk": 1, "fields": {"user": 1, "avatar": "profile_images/15531840725c93b5489d84e9.43781620_Cs2iEGH.jpg"}}, {"model": "user.userprofile", "pk": 2, "fields": {"user": 6, "avatar": "profile_images/logo.png"}}, {"model": "user.userprofile", "pk": 3, "fields": {"user": 3, "avatar": "profile_images/15531840725c93b5489d84e9.43781620_pehupF3.jpg"}}, {"model": "taggit.tag", "pk": 1, "fields": {"name": "donate", "slug": "donate"}}, {"model": "taggit.tag", "pk": 2, "fields": {"name": "clothes", "slug": "clothes"}}, {"model": "taggit.tag", "pk": 3, "fields": {"name": "education", "slug": "education"}}, {"model": "taggit.tag", "pk": 4, "fields": {"name": "school", "slug": "school"}}, {"model": "taggit.tag", "pk": 5, "fields": {"name": "study", "slug": "study"}}, {"model": "taggit.tag", "pk": 6, "fields": {"name": "healing", "slug": "healing"}}, {"model": "taggit.tag", "pk": 7, "fields": {"name": "illness", "slug": "illness"}}, {"model": "taggit.tag", "pk": 8, "fields": {"name": "medicine", "slug": "medicine"}}, {"model": "taggit.tag", "pk": 9, "fields": {"name": "accident", "slug": "accident"}}, {"model": "taggit.tag", "pk": 10, "fields": {"name": "memory", "slug": "memory"}}, {"model": "taggit.tag", "pk": 11, "fields": {"name": "help", "slug": "help"}}, {"model": "taggit.tag", "pk": 12, "fields": {"name": "emergency", "slug": "emergency"}}, {"model": "taggit.tag", "pk": 13, "fields": {"name": "poverty", "slug": "poverty"}}, {"model": "taggit.taggeditem", "pk": 17, "fields": {"tag": 8, "content_type": 9, "object_id": 9}}, {"model": "taggit.taggeditem", "pk": 18, "fields": {"tag": 6, "content_type": 9, "object_id": 9}}, {"model": "taggit.taggeditem", "pk": 19, "fields": {"tag": 7, "content_type": 9, "object_id": 9}}, {"model": "taggit.taggeditem", "pk": 20, "fields": {"tag": 8, "content_type": 9, "object_id": 10}}, {"model": "taggit.taggeditem", "pk": 21, "fields": {"tag": 6, "content_type": 9, "object_id": 10}}, {"model": "taggit.taggeditem", "pk": 22, "fields": {"tag": 7, "content_type": 9, "object_id": 10}}, {"model": "taggit.taggeditem", "pk": 23, "fields": {"tag": 7, "content_type": 9, "object_id": 11}}, {"model": "taggit.taggeditem", "pk": 24, "fields": {"tag": 7, "content_type": 9, "object_id": 12}}, {"model": "taggit.taggeditem", "pk": 25, "fields": {"tag": 9, "content_type": 9, "object_id": 13}}, {"model": "taggit.taggeditem", "pk": 26, "fields": {"tag": 10, "content_type": 9, "object_id": 13}}, {"model": "taggit.taggeditem", "pk": 27, "fields": {"tag": 11, "content_type": 9, "object_id": 14}}, {"model": "taggit.taggeditem", "pk": 28, "fields": {"tag": 12, "content_type": 9, "object_id": 14}}, {"model": "taggit.taggeditem", "pk": 29, "fields": {"tag": 11, "content_type": 9, "object_id": 15}}, {"model": "taggit.taggeditem", "pk": 30, "fields": {"tag": 13, "content_type": 9, "object_id": 15}}, {"model": "campaign.category", "pk": 2, "fields": {"label": "Education"}}, {"model": "campaign.category", "pk": 3, "fields": {"label": "Medical"}}, {"model": "campaign.category", "pk": 4, "fields": {"label": "Animals"}}, {"model": "campaign.category", "pk": 5, "fields": {"label": "Financial Emergency"}}, {"model": "campaign.category", "pk": 6, "fields": {"label": "Nonprofit"}}, {"model": "campaign.category", "pk": 7, "fields": {"label": "Emergency"}}, {"model": "campaign.category", "pk": 8, "fields": {"label": "Memorial"}}, {"model": "campaign.category", "pk": 9, "fields": {"label": "Environment"}}, {"model": "campaign.campaign", "pk": 9, "fields": {"title": "Hope for Clara Faye; Zolgensma for SMA", "details": "In the summer of 2020, myself and my husband noticed that our then 1.5 year old daughter was not meeting her gross motor milestones, like crawling or walking. Over the next few months, we met with Early Intervention here in Nevada, a child neurologist and various specialists to figure out why Clara had such low muscle tone and motor control. After an EKG, EEG, various metabolic panels, blood tests and an MRI, we submitted genetic testing at the end of February 2021. On March 23rd, we received a world-shaking diagnosis of Spinal Muscular Atrophy, an incredibly rare and deadly genetic neuromuscular disease caused by the progressive loss of the SMN gene which controls all muscle movement, including things like walking, crawling, sitting, swallowing, even breathing. By the grace of God, we were able to see the neuromuscular specialists at Stanford the following week on Wednesday the 31st. They confirmed that Clara has type 2 SMA, which means the most she can do on her own is sit. Without treatment, she will grow weaker and her muscles will continue to waste (or atrophy) over time. Thankfully, there are treatments available with one in particular at the forefront of science and sought after by every parent of a child born with SMA.", "target": 2200000, "start_date": "2021-04-09T00:32:52Z", "end_date": "2021-04-23T00:32:52Z", "creation_date": "2021-04-09T00:32:52Z", "is_featured": true, "creator": 5, "category": 3}}, {"model": "campaign.campaign", "pk": 10, "fields": {"title": "A ray of hope for Trisha (Curing AGU)", "details": "Due to the complexity, extreme rareness and limited data on AGU, it's almost impossible to attract the necessary interest and funding from big investors/medical research organisations.\r\nThe difficulty with this genetic neuro-degenerative disease is that symptoms don't begin to show until two or three years of age and that's what happened Trisha. She was a healthy baby girl until she was 15-months-old and could barely walk and then we discovered her learning, physical ability and development were falling behind too.", "target": 500000, "start_date": "2021-04-09T00:35:16Z", "end_date": "2021-04-23T00:35:16Z", "creation_date": "2021-04-09T00:35:16Z", "is_featured": true, "creator": 3, "category": 3}}, {"model": "campaign.campaign", "pk": 11, "fields": {"title": "Help Eva Houlihan fight for her life.", "details": "On Monday, April 5th. Eva was in an accident and is now in critical condition. She is currently fighting for her life. This go fund me is to help her to continue her journey back to health so that she can be here with us again. \r\n\r\nFor those of you wondering, I contacted Eva’s family prior to making this page to ask permission that I use Eva’s name and share her story. All funds are in their hands. \r\n\r\nThey are all thankful that the community has helped and overly exceeded the goal by sharing the link and donating. We hope continue to share the link as well as the donation. We hope that you all continue to pray for her family to help with her journey. Thank you all for your generous donations and support through this devastating time for her family. \r\n\r\nIf any questions please feel free to email me ([email redacted])", "target": 10000, "start_date": "2021-04-09T00:37:34Z", "end_date": "2021-04-23T00:37:34Z", "creation_date": "2021-04-09T00:37:34Z", "is_featured": true, "creator": 1, "category": 2}}, {"model": "campaign.campaign", "pk": 12, "fields": {"title": "Get Mandy Back on Her Feet (GBS Recovery)", "details": "Mandy Morrison is a single working mother of two, a healthy runner, a lover of gifs and memes, and friend to so very many. After a traumatic and tumultuous 2020, Mandy was looking forward to thriving in her new life with Harper and Smith. She had just started a new job, was getting back into running, and had expressed excitement about her future for the first time in a long time. \r\n\r\nIn mid-March 2021, following a particularly stressful week, Mandy began experiencing some troubling symptoms, including numbness in her arms and legs and a rapid heartbeat. She was in and out of the hospital over the course of a week and underwent a battery of tests, only to be told doctors could find nothing wrong with her. Sadly, her symptoms continued to worsen, and after a terrifying episode at home, she was rushed to the emergency room. Mandy’s condition deteriorated rapidly, and within hours of being admitted, Mandy was fully paralyzed from the neck down and had been diagnosed with Guillain-Barré syndrome (GBS). \r\n\r\nGBS is a rare neurological disorder that causes the body’s immune system to mistakenly attack its own nervous system. Some people with GBS experience mild symptoms, like weakness in their limbs. Unfortunately, by the time Mandy was diagnosed, her condition had progressed to the point where she is now unable to move in any capacity. We’re incredibly thankful that her respiratory system was spared and she was able to avoid intubation. But Mandy is currently completely paralyzed and remains hospitalized while she undergoes treatment to reverse the damage.", "target": 50000, "start_date": "2021-04-09T00:42:10Z", "end_date": "2021-04-23T00:42:10Z", "creation_date": "2021-04-09T00:42:10Z", "is_featured": false, "creator": 4, "category": 2}}, {"model": "campaign.campaign", "pk": 13, "fields": {"title": "Help Vadim Zalucean to be repatriated", "details": "Hello everyone,\r\nWe are fundraising for Vadim, a good family friend who died in a serious car accident in Ashbourne, Co. Meath on 4th of April 2021, andwho left a wife with two small childrens, parents desperate and hurt. These funds will help his family to repatriate him. The funds are nedeed to be collected in maximum 10 days, while the documents are prepared for repatriation. All the funds will go to her wife account Evghenia Zalucean. Thank you all in advance for your support and receptivity.", "target": 3700, "start_date": "2021-04-09T00:44:37Z", "end_date": "2021-04-23T00:44:37Z", "creation_date": "2021-04-09T00:44:37Z", "is_featured": true, "creator": 2, "category": 8}}, {"model": "campaign.campaign", "pk": 14, "fields": {"title": "Risner Clan Will Find A Way", "details": "On Monday, April 5th three of the Risner kids were riding their bikes near their home and were hit by a car that fled the scene.  One suffered minor injuries but is doing ok. \r\n\r\nTwo of the children, Landen (13) and Roman (6) were hospitalized.  Roman suffered a femur fracture and just completed surgery with plates and screws on April 6th.  \r\nLanden is currently hospitalized in the PICU in critical condition with a severe brain injury.  He is sedated on a ventilator.  The family is waiting for updates by the minute.", "target": 50000, "start_date": "2021-04-09T00:49:32Z", "end_date": "2021-04-23T00:49:32Z", "creation_date": "2021-04-09T00:49:32Z", "is_featured": true, "creator": 2, "category": 7}}, {"model": "campaign.campaign", "pk": 15, "fields": {"title": "Anthony Mejias funeral arrangements", "details": "I just got news that Anthony passed away I don’t want to go into details out of respect for the family please donate whatever you can I want to help the family as much as I can during this difficult time. Please respect their privacy at this time.", "target": 10000, "start_date": "2021-04-09T01:39:46Z", "end_date": "2021-04-23T01:39:46Z", "creation_date": "2021-04-09T01:41:55.861Z", "is_featured": false, "creator": 3, "category": 8}}, {"model": "campaign.rating", "pk": 5, "fields": {"value": 5, "campaign": 12, "user": 6}}, {"model": "campaign.rating", "pk": 6, "fields": {"value": 3, "campaign": 11, "user": 3}}, {"model": "campaign.rating", "pk": 7, "fields": {"value": 3, "campaign": 15, "user": 3}}, {"model": "campaign.campaignimage", "pk": 9, "fields": {"path": "campaign/55863210_1617744547715029_r.jpeg", "campaign": 9}}, {"model": "campaign.campaignimage", "pk": 10, "fields": {"path": "campaign/55166776_1616975082218480_r.jpeg", "campaign": 10}}, {"model": "campaign.campaignimage", "pk": 11, "fields": {"path": "campaign/55874832_161777833493857_r.jpg", "campaign": 11}}, {"model": "campaign.campaignimage", "pk": 12, "fields": {"path": "campaign/55837632_1617673475895531_r.jpeg", "campaign": 12}}, {"model": "campaign.campaignimage", "pk": 13, "fields": {"path": "campaign/55852000_1617713327597814_r.jpeg", "campaign": 13}}, {"model": "campaign.campaignimage", "pk": 14, "fields": {"path": "campaign/55855006_1617722581739352_r.jpeg", "campaign": 14}}, {"model": "campaign.campaignimage", "pk": 15, "fields": {"path": "campaign/55889560_1617826597296192_r.jpeg", "campaign": 15}}, {"model": "campaign.donation", "pk": 4, "fields": {"amount": 690, "campaign": 15, "donator": 3}}, {"model": "comment.comment", "pk": 19, "fields": {"user": 3, "email": "o@gmail.com", "parent": null, "content_type": 9, "object_id": 11, "content": "dfffd", "urlhash": "comment-omftusxt", "posted": "2021-04-09T01:14:09.701Z", "edited": "2021-04-09T01:14:09.705Z"}}, {"model": "comment.comment", "pk": 20, "fields": {"user": 3, "email": "o@gmail.com", "parent": 19, "content_type": 9, "object_id": 11, "content": "trhrrh", "urlhash": "comment-izzlwhem", "posted": "2021-04-09T01:14:15.218Z", "edited": "2021-04-09T01:14:15.221Z"}}, {"model": "comment.comment", "pk": 21, "fields": {"user": 3, "email": "o@gmail.com", "parent": null, "content_type": 9, "object_id": 10, "content": "Hii", "urlhash": "comment-ypocbhta", "posted": "2021-04-09T01:25:26.500Z", "edited": "2021-04-09T01:25:26.503Z"}}, {"model": "comment.comment", "pk": 22, "fields": {"user": 6, "email": "tt@gmail.com", "parent": null, "content_type": 9, "object_id": 12, "content": "brbr", "urlhash": "comment-tukwejdf", "posted": "2021-04-09T01:44:07.349Z", "edited": "2021-04-09T01:44:07.351Z"}}, {"model": "comment.reaction", "pk": 19, "fields": {"comment": 19, "likes": 0, "dislikes": 0}}, {"model": "comment.reaction", "pk": 20, "fields": {"comment": 20, "likes": 0, "dislikes": 0}}, {"model": "comment.reaction", "pk": 21, "fields": {"comment": 21, "likes": 0, "dislikes": 0}}, {"model": "comment.reaction", "pk": 22, "fields": {"comment": 22, "likes": 0, "dislikes": 0}}, {"model": "comment.flag", "pk": 19, "fields": {"comment": 19, "count": 0, "state": 1, "moderator": null}}, {"model": "comment.flag", "pk": 20, "fields": {"comment": 20, "count": 0, "state": 1, "moderator": null}}, {"model": "comment.flag", "pk": 21, "fields": {"comment": 21, "count": 0, "state": 1, "moderator": null}}, {"model": "comment.flag", "pk": 22, "fields": {"comment": 22, "count": 0, "state": 1, "moderator": null}}]